{
  "ts_error_count": {
    "metric_name": "TypeScript Error Count (absolute)",
    "per_task": {
      "algorithm_visualizer": {
        "sequential_mean": 69.5,
        "sequential_std": 0.5050762722761054,
        "parallel_mean": 32.28,
        "parallel_std": 55.69121866806915,
        "mean_difference": -37.22,
        "percent_change": -53.55395683453237,
        "p_value": 2.561453298632505e-09,
        "effect_size_d": -0.9451196339967846,
        "is_significant": true,
        "n_sequential": 50,
        "n_parallel": 50
      },
      "dashboard": {
        "sequential_mean": 113.92,
        "sequential_std": 16.978786283874044,
        "parallel_mean": 74.08,
        "parallel_std": 97.78315033683421,
        "mean_difference": -39.84,
        "percent_change": -34.97191011235955,
        "p_value": 0.001041145777902366,
        "effect_size_d": -0.5677015755877874,
        "is_significant": true,
        "n_sequential": 50,
        "n_parallel": 50
      },
      "markdown_editor": {
        "sequential_mean": 59.6,
        "sequential_std": 6.420630015498352,
        "parallel_mean": 63.2,
        "parallel_std": 34.7163432664778,
        "mean_difference": 3.6000000000000014,
        "percent_change": 6.040268456375841,
        "p_value": 0.023092098274869678,
        "effect_size_d": 0.14420497560257373,
        "is_significant": true,
        "n_sequential": 50,
        "n_parallel": 50
      },
      "pomodoro_timer": {
        "sequential_mean": 61.14,
        "sequential_std": 3.3987392620541765,
        "parallel_mean": 45.26,
        "parallel_std": 38.07447588983615,
        "mean_difference": -15.880000000000003,
        "percent_change": -25.973176316650314,
        "p_value": 0.7303507526428821,
        "effect_size_d": -0.5875003322998058,
        "is_significant": false,
        "n_sequential": 50,
        "n_parallel": 50
      },
      "registration_page": {
        "sequential_mean": 72.88,
        "sequential_std": 1.598979266243797,
        "parallel_mean": 42.42,
        "parallel_std": 34.52304169917919,
        "mean_difference": -30.459999999999994,
        "percent_change": -41.794731064763994,
        "p_value": 0.3960179532201519,
        "effect_size_d": -1.2464375353519828,
        "is_significant": false,
        "n_sequential": 50,
        "n_parallel": 50
      },
      "tic_tac_toe": {
        "sequential_mean": 59.42,
        "sequential_std": 0.8592830423898609,
        "parallel_mean": 6.84,
        "parallel_std": 12.946294087971465,
        "mean_difference": -52.58,
        "percent_change": -88.48872433524065,
        "p_value": 2.3165979491816536e-18,
        "effect_size_d": -5.731068511732475,
        "is_significant": true,
        "n_sequential": 50,
        "n_parallel": 50
      }
    },
    "i_squared": 77.95282117405974,
    "pooling_valid": false
  },
  "ts_error_rate": {
    "metric_name": "TypeScript Errors per 1000 chars",
    "per_task": {
      "algorithm_visualizer": {
        "sequential_mean": 3.7796989915288672,
        "sequential_std": 0.04937244669196519,
        "parallel_mean": 0.915224850368108,
        "parallel_std": 1.6879537272669891,
        "mean_difference": -2.864474141160759,
        "percent_change": -75.78577414711258,
        "p_value": 4.095043548041324e-09,
        "effect_size_d": -2.3989083982385107,
        "is_significant": true,
        "n_sequential": 50,
        "n_parallel": 50
      },
      "dashboard": {
        "sequential_mean": 5.929684950100856,
        "sequential_std": 0.2610909281065871,
        "parallel_mean": 1.9138445804943074,
        "parallel_std": 2.458615276674428,
        "mean_difference": -4.015840369606549,
        "percent_change": -67.72434629158916,
        "p_value": 2.2900303395173236e-14,
        "effect_size_d": -2.2970251432107553,
        "is_significant": true,
        "n_sequential": 50,
        "n_parallel": 50
      },
      "markdown_editor": {
        "sequential_mean": 3.255137189306306,
        "sequential_std": 0.29865489418958,
        "parallel_mean": 4.038337097054968,
        "parallel_std": 2.2698534214311348,
        "mean_difference": 0.7831999077486618,
        "percent_change": 24.060427017380718,
        "p_value": 0.0036640861880684102,
        "effect_size_d": 0.4837965414798429,
        "is_significant": true,
        "n_sequential": 50,
        "n_parallel": 50
      },
      "pomodoro_timer": {
        "sequential_mean": 4.087752494606143,
        "sequential_std": 0.1705581284038807,
        "parallel_mean": 1.9526585222495942,
        "parallel_std": 1.698314447945432,
        "mean_difference": -2.1350939723565485,
        "percent_change": -52.23148845664801,
        "p_value": 1.4761706127714618e-17,
        "effect_size_d": -1.7690282314254149,
        "is_significant": true,
        "n_sequential": 50,
        "n_parallel": 50
      },
      "registration_page": {
        "sequential_mean": 4.239462952905217,
        "sequential_std": 0.11952806069569544,
        "parallel_mean": 2.26977262000331,
        "parallel_std": 1.8561457133950283,
        "mean_difference": -1.9696903329019064,
        "percent_change": -46.460845507615964,
        "p_value": 3.326850933482623e-06,
        "effect_size_d": -1.4976222200574512,
        "is_significant": true,
        "n_sequential": 50,
        "n_parallel": 50
      },
      "tic_tac_toe": {
        "sequential_mean": 4.596398869080359,
        "sequential_std": 0.0940078814979146,
        "parallel_mean": 0.5926572764139567,
        "parallel_std": 1.1173335035046992,
        "mean_difference": -4.003741592666403,
        "percent_change": -87.10605207914573,
        "p_value": 3.0348894452413914e-14,
        "effect_size_d": -5.049710466983752,
        "is_significant": true,
        "n_sequential": 50,
        "n_parallel": 50
      }
    },
    "i_squared": 68.70405511666932,
    "pooling_valid": true
  },
  "lint_warning_count": {
    "metric_name": "Lint Warning Count (absolute)",
    "per_task": {
      "algorithm_visualizer": {
        "sequential_mean": 0.0,
        "sequential_std": 0.0,
        "parallel_mean": 0.0,
        "parallel_std": 0.0,
        "mean_difference": 0.0,
        "percent_change": 0.0,
        "p_value": 1.0,
        "effect_size_d": 0.0,
        "is_significant": false,
        "n_sequential": 50,
        "n_parallel": 50
      },
      "dashboard": {
        "sequential_mean": 1.0,
        "sequential_std": 0.0,
        "parallel_mean": 0.76,
        "parallel_std": 0.9160696881075084,
        "mean_difference": -0.24,
        "percent_change": -24.0,
        "p_value": 0.0021756683171002523,
        "effect_size_d": -0.3705081167686339,
        "is_significant": true,
        "n_sequential": 50,
        "n_parallel": 50
      },
      "markdown_editor": {
        "sequential_mean": 1.0,
        "sequential_std": 0.0,
        "parallel_mean": 14.56,
        "parallel_std": 10.988231181122643,
        "mean_difference": 13.56,
        "percent_change": 1356.0,
        "p_value": 1.0216926308604348e-20,
        "effect_size_d": 1.745206811695413,
        "is_significant": true,
        "n_sequential": 50,
        "n_parallel": 50
      },
      "pomodoro_timer": {
        "sequential_mean": 0.0,
        "sequential_std": 0.0,
        "parallel_mean": 0.24,
        "parallel_std": 0.4763809143009448,
        "mean_difference": 0.24,
        "percent_change": 0.0,
        "p_value": 0.00048361178015404667,
        "effect_size_d": 0.7124787009311756,
        "is_significant": true,
        "n_sequential": 50,
        "n_parallel": 50
      },
      "registration_page": {
        "sequential_mean": 0.0,
        "sequential_std": 0.0,
        "parallel_mean": 0.0,
        "parallel_std": 0.0,
        "mean_difference": 0.0,
        "percent_change": 0.0,
        "p_value": 1.0,
        "effect_size_d": 0.0,
        "is_significant": false,
        "n_sequential": 50,
        "n_parallel": 50
      },